[{"title":"Deep Q-Learning 系列论文漫谈(一) 从Q-Learning到DQN","url":"/dqn.htm"},{"title":"Deep Q-Learning 系列论文漫谈(二) 从Target Net和Experience replay聊起","url":"/dqn2.htm"},{"title":"Deep Q-Learning 系列论文漫谈(四) 错综复杂的误差(下)-误差汇总","url":"/dqn4.htm"},{"title":"Deep Q-Learning 系列论文漫谈(三) 错综复杂的误差(上)-投影误差","url":"/dqn3.htm"},{"title":"图卷积神经网络(GCN)深入理解(1) 矩阵的谱分解","url":"/gcn-laplacian.htm"},{"title":"图卷积神经网络(GCN)深入理解(2) 拉普拉斯算子(Laplacian)","url":"/gcn-laplacian2.htm"},{"title":"图卷积神经网络(GCN)深入理解(3) 图拉普拉斯算子的由来","url":"/gcn-laplacian3.htm"},{"title":"再生核希尔伯特空间(RKHS)漫谈(一)：定义","url":"/rkhs.htm"},{"title":"再生核希尔伯特空间(RKHS)漫谈(二)：Mecer's Theorem","url":"/rkhs2.htm"},{"title":"xgboost理解(1) 从AdaBoost到GBDT的变迁","url":"/xgboost.htm"},{"title":"xgboost理解(2) xgboost思想剖析","url":"/xgboost2.htm"},{"title":"xgboost理解(3) xgboost分裂点选取、缺失值处理和并行化","url":"/xgboost3.htm"}]